"inventory_film_id","store","film_id"
NULL,NULL,144
NULL,NULL,802
NULL,NULL,497
NULL,NULL,801
NULL,NULL,359
NULL,NULL,325
NULL,NULL,33
NULL,NULL,198
NULL,NULL,419
NULL,NULL,332
NULL,NULL,712
NULL,NULL,404
NULL,NULL,642
NULL,NULL,954
NULL,NULL,221
NULL,NULL,108
NULL,NULL,701
NULL,NULL,128
NULL,NULL,38
NULL,NULL,195
NULL,NULL,318
NULL,NULL,669
NULL,NULL,950
NULL,NULL,386
NULL,NULL,742
NULL,NULL,955
NULL,NULL,192
NULL,NULL,607
NULL,NULL,41
NULL,NULL,713
NULL,NULL,171
NULL,NULL,148
NULL,NULL,36
NULL,NULL,860
NULL,NULL,495
NULL,NULL,671
NULL,NULL,909
NULL,NULL,87
NULL,NULL,14
NULL,NULL,943
NULL,NULL,874
NULL,NULL,217
129,2,129
129,2,129
524,2,524
524,2,524
524,2,524
524,2,524
129,2,129
12,2,12
13,2,13
130,2,130
525,2,525
525,2,525
525,2,525
525,2,525
526,2,526
526,2,526
526,2,526
526,2,526
266,2,266
266,2,266
527,2,527
527,2,527
527,2,527
527,2,527
266,2,266
266,2,266
130,2,130
130,2,130
130,2,130
13,2,13
267,2,267
267,2,267
268,2,268
268,2,268
13,2,13
13,2,13
269,2,269
269,2,269
531,2,531
531,2,531
531,2,531
531,2,531
532,2,532
532,2,532
532,2,532
532,2,532
269,2,269
269,2,269
67,2,67
131,2,131
131,2,131
534,2,534
534,2,534
534,2,534
270,2,270
270,2,270
270,2,270
270,2,270
67,2,67
67,2,67
67,2,67
536,2,536
536,2,536
537,2,537
537,2,537
537,2,537
538,2,538
538,2,538
538,2,538
271,2,271
271,2,271
2,2,2
132,2,132
132,2,132
541,2,541
541,2,541
6,2,6
68,2,68
133,2,133
133,2,133
542,2,542
542,2,542
134,2,134
273,2,273
273,2,273
273,2,273
544,2,544
544,2,544
134,2,134
134,2,134
68,2,68
274,2,274
545,2,545
545,2,545
546,2,546
546,2,546
546,2,546
546,2,546
547,2,547
547,2,547
274,2,274
274,2,274
274,2,274
15,2,15
549,2,549
549,2,549
15,2,15
135,2,135
275,2,275
275,2,275
135,2,135
135,2,135
551,2,551
551,2,551
551,2,551
552,2,552
552,2,552
552,2,552
552,2,552
553,2,553
553,2,553
553,2,553
135,2,135
15,2,15
15,2,15
69,2,69
554,2,554
554,2,554
554,2,554
137,2,137
137,2,137
137,2,137
555,2,555
555,2,555
555,2,555
555,2,555
137,2,137
69,2,69
69,2,69
556,2,556
556,2,556
556,2,556
556,2,556
138,2,138
138,2,138
557,2,557
557,2,557
557,2,557
558,2,558
558,2,558
138,2,138
280,2,280
280,2,280
69,2,69
559,2,559
559,2,559
559,2,559
559,2,559
6,2,6
281,2,281
281,2,281
560,2,560
560,2,560
281,2,281
281,2,281
6,2,6
70,2,70
139,2,139
282,2,282
282,2,282
282,2,282
562,2,562
562,2,562
139,2,139
70,2,70
71,2,71
140,2,140
563,2,563
563,2,563
563,2,563
564,2,564
564,2,564
564,2,564
140,2,140
140,2,140
284,2,284
284,2,284
284,2,284
284,2,284
567,2,567
567,2,567
71,2,71
71,2,71
568,2,568
568,2,568
71,2,71
285,2,285
285,2,285
285,2,285
570,2,570
570,2,570
570,2,570
285,2,285
141,2,141
571,2,571
571,2,571
571,2,571
571,2,571
141,2,141
286,2,286
286,2,286
286,2,286
572,2,572
572,2,572
572,2,572
572,2,572
31,2,31
31,2,31
287,2,287
287,2,287
31,2,31
142,2,142
574,2,574
574,2,574
574,2,574
288,2,288
288,2,288
575,2,575
575,2,575
575,2,575
575,2,575
576,2,576
576,2,576
576,2,576
288,2,288
288,2,288
142,2,142
31,2,31
72,2,72
578,2,578
578,2,578
578,2,578
72,2,72
32,2,32
143,2,143
143,2,143
579,2,579
579,2,579
579,2,579
143,2,143
145,2,145
145,2,145
145,2,145
580,2,580
580,2,580
32,2,32
292,2,292
292,2,292
582,2,582
582,2,582
292,2,292
34,2,34
34,2,34
583,2,583
583,2,583
293,2,293
293,2,293
585,2,585
585,2,585
585,2,585
585,2,585
293,2,293
73,2,73
73,2,73
294,2,294
586,2,586
586,2,586
586,2,586
586,2,586
294,2,294
294,2,294
73,2,73
588,2,588
588,2,588
588,2,588
588,2,588
589,2,589
589,2,589
589,2,589
589,2,589
147,2,147
147,2,147
147,2,147
590,2,590
590,2,590
590,2,590
590,2,590
591,2,591
591,2,591
591,2,591
295,2,295
295,2,295
592,2,592
592,2,592
593,2,593
593,2,593
593,2,593
593,2,593
295,2,295
295,2,295
73,2,73
34,2,34
34,2,34
149,2,149
297,2,297
595,2,595
595,2,595
595,2,595
595,2,595
297,2,297
149,2,149
596,2,596
596,2,596
596,2,596
596,2,596
597,2,597
597,2,597
597,2,597
597,2,597
149,2,149
298,2,298
298,2,298
298,2,298
16,2,16
74,2,74
150,2,150
599,2,599
599,2,599
150,2,150
150,2,150
600,2,600
600,2,600
150,2,150
300,2,300
300,2,300
601,2,601
601,2,601
300,2,300
300,2,300
602,2,602
602,2,602
602,2,602
74,2,74
75,2,75
151,2,151
151,2,151
603,2,603
603,2,603
604,2,604
604,2,604
604,2,604
605,2,605
605,2,605
301,2,301
301,2,301
606,2,606
606,2,606
606,2,606
606,2,606
301,2,301
301,2,301
608,2,608
608,2,608
608,2,608
608,2,608
75,2,75
75,2,75
302,2,302
302,2,302
609,2,609
609,2,609
609,2,609
609,2,609
302,2,302
302,2,302
610,2,610
610,2,610
610,2,610
16,2,16
3,2,3
3,2,3
35,2,35
611,2,611
611,2,611
612,2,612
612,2,612
303,2,303
303,2,303
35,2,35
35,2,35
7,2,7
614,2,614
614,2,614
614,2,614
615,2,615
615,2,615
615,2,615
615,2,615
77,2,77
304,2,304
616,2,616
616,2,616
616,2,616
616,2,616
304,2,304
77,2,77
154,2,154
618,2,618
618,2,618
618,2,618
618,2,618
154,2,154
154,2,154
619,2,619
619,2,619
619,2,619
619,2,619
305,2,305
305,2,305
620,2,620
620,2,620
620,2,620
305,2,305
154,2,154
17,2,17
17,2,17
621,2,621
621,2,621
621,2,621
621,2,621
622,2,622
622,2,622
155,2,155
155,2,155
623,2,623
623,2,623
623,2,623
155,2,155
307,2,307
307,2,307
624,2,624
624,2,624
624,2,624
624,2,624
307,2,307
156,2,156
156,2,156
625,2,625
625,2,625
625,2,625
625,2,625
626,2,626
626,2,626
626,2,626
626,2,626
627,2,627
627,2,627
627,2,627
308,2,308
308,2,308
157,2,157
628,2,628
628,2,628
629,2,629
629,2,629
629,2,629
629,2,629
630,2,630
630,2,630
630,2,630
157,2,157
309,2,309
309,2,309
631,2,631
631,2,631
309,2,309
309,2,309
157,2,157
633,2,633
633,2,633
633,2,633
634,2,634
634,2,634
634,2,634
634,2,634
635,2,635
635,2,635
17,2,17
78,2,78
158,2,158
158,2,158
311,2,311
637,2,637
637,2,637
637,2,637
311,2,311
311,2,311
311,2,311
312,2,312
638,2,638
638,2,638
638,2,638
638,2,638
639,2,639
639,2,639
639,2,639
640,2,640
640,2,640
640,2,640
312,2,312
312,2,312
158,2,158
641,2,641
641,2,641
641,2,641
641,2,641
78,2,78
78,2,78
78,2,78
643,2,643
643,2,643
643,2,643
313,2,313
313,2,313
37,2,37
644,2,644
644,2,644
644,2,644
644,2,644
159,2,159
314,2,314
314,2,314
645,2,645
645,2,645
645,2,645
314,2,314
314,2,314
315,2,315
646,2,646
646,2,646
315,2,315
315,2,315
316,2,316
647,2,647
647,2,647
647,2,647
316,2,316
159,2,159
159,2,159
37,2,37
648,2,648
648,2,648
37,2,37
317,2,317
649,2,649
649,2,649
649,2,649
649,2,649
317,2,317
317,2,317
650,2,650
650,2,650
650,2,650
650,2,650
160,2,160
160,2,160
651,2,651
651,2,651
651,2,651
651,2,651
160,2,160
319,2,319
319,2,319
319,2,319
319,2,319
79,2,79
79,2,79
79,2,79
654,2,654
654,2,654
320,2,320
320,2,320
320,2,320
655,2,655
655,2,655
655,2,655
656,2,656
656,2,656
320,2,320
7,2,7
7,2,7
162,2,162
657,2,657
657,2,657
658,2,658
658,2,658
658,2,658
658,2,658
659,2,659
659,2,659
162,2,162
162,2,162
660,2,660
660,2,660
162,2,162
163,2,163
163,2,163
322,2,322
322,2,322
323,2,323
662,2,662
662,2,662
323,2,323
323,2,323
323,2,323
663,2,663
663,2,663
163,2,163
8,2,8
664,2,664
664,2,664
664,2,664
39,2,39
324,2,324
324,2,324
164,2,164
665,2,665
665,2,665
665,2,665
164,2,164
326,2,326
326,2,326
666,2,666
666,2,666
326,2,326
326,2,326
667,2,667
667,2,667
164,2,164
39,2,39
668,2,668
668,2,668
668,2,668
39,2,39
39,2,39
327,2,327
327,2,327
670,2,670
670,2,670
670,2,670
328,2,328
328,2,328
672,2,672
672,2,672
672,2,672
672,2,672
328,2,328
328,2,328
673,2,673
673,2,673
165,2,165
165,2,165
40,2,40
329,2,329
329,2,329
329,2,329
40,2,40
676,2,676
676,2,676
676,2,676
676,2,676
40,2,40
40,2,40
166,2,166
677,2,677
677,2,677
677,2,677
677,2,677
330,2,330
330,2,330
330,2,330
166,2,166
42,2,42
42,2,42
679,2,679
679,2,679
83,2,83
331,2,331
680,2,680
680,2,680
680,2,680
680,2,680
331,2,331
331,2,331
331,2,331
681,2,681
681,2,681
681,2,681
83,2,83
167,2,167
333,2,333
333,2,333
167,2,167
167,2,167
334,2,334
683,2,683
683,2,683
683,2,683
683,2,683
684,2,684
684,2,684
685,2,685
685,2,685
334,2,334
334,2,334
334,2,334
42,2,42
42,2,42
18,2,18
18,2,18
687,2,687
687,2,687
687,2,687
687,2,687
688,2,688
688,2,688
688,2,688
688,2,688
169,2,169
336,2,336
336,2,336
169,2,169
689,2,689
689,2,689
85,2,85
337,2,337
337,2,337
338,2,338
690,2,690
690,2,690
338,2,338
338,2,338
339,2,339
691,2,691
691,2,691
692,2,692
692,2,692
692,2,692
339,2,339
339,2,339
693,2,693
693,2,693
693,2,693
85,2,85
170,2,170
170,2,170
170,2,170
694,2,694
694,2,694
170,2,170
85,2,85
341,2,341
341,2,341
696,2,696
696,2,696
696,2,696
341,2,341
341,2,341
85,2,85
18,2,18
697,2,697
697,2,697
697,2,697
697,2,697
43,2,43
172,2,172
172,2,172
172,2,172
698,2,698
698,2,698
698,2,698
43,2,43
43,2,43
700,2,700
700,2,700
700,2,700
86,2,86
344,2,344
344,2,344
173,2,173
702,2,702
702,2,702
702,2,702
702,2,702
703,2,703
703,2,703
173,2,173
86,2,86
704,2,704
704,2,704
704,2,704
345,2,345
345,2,345
86,2,86
86,2,86
346,2,346
346,2,346
706,2,706
706,2,706
706,2,706
706,2,706
346,2,346
346,2,346
707,2,707
707,2,707
707,2,707
707,2,707
88,2,88
174,2,174
708,2,708
708,2,708
174,2,174
174,2,174
709,2,709
709,2,709
709,2,709
709,2,709
348,2,348
348,2,348
348,2,348
348,2,348
710,2,710
710,2,710
711,2,711
711,2,711
711,2,711
711,2,711
714,2,714
714,2,714
714,2,714
174,2,174
88,2,88
88,2,88
175,2,175
715,2,715
715,2,715
715,2,715
349,2,349
349,2,349
716,2,716
716,2,716
716,2,716
349,2,349
175,2,175
717,2,717
717,2,717
718,2,718
718,2,718
175,2,175
88,2,88
43,2,43
350,2,350
350,2,350
720,2,720
720,2,720
720,2,720
720,2,720
350,2,350
350,2,350
176,2,176
176,2,176
722,2,722
722,2,722
176,2,176
351,2,351
351,2,351
351,2,351
723,2,723
723,2,723
723,2,723
352,2,352
352,2,352
724,2,724
724,2,724
724,2,724
724,2,724
352,2,352
352,2,352
176,2,176
725,2,725
725,2,725
725,2,725
726,2,726
726,2,726
726,2,726
177,2,177
353,2,353
727,2,727
727,2,727
727,2,727
353,2,353
353,2,353
353,2,353
728,2,728
728,2,728
729,2,729
729,2,729
729,2,729
729,2,729
177,2,177
177,2,177
8,2,8
354,2,354
730,2,730
730,2,730
730,2,730
730,2,730
731,2,731
731,2,731
731,2,731
354,2,354
355,2,355
355,2,355
8,2,8
89,2,89
89,2,89
89,2,89
356,2,356
733,2,733
733,2,733
733,2,733
356,2,356
356,2,356
734,2,734
734,2,734
734,2,734
734,2,734
356,2,356
357,2,357
357,2,357
735,2,735
735,2,735
735,2,735
735,2,735
357,2,357
357,2,357
44,2,44
180,2,180
180,2,180
44,2,44
737,2,737
737,2,737
737,2,737
737,2,737
358,2,358
358,2,358
358,2,358
358,2,358
738,2,738
738,2,738
738,2,738
738,2,738
44,2,44
90,2,90
739,2,739
739,2,739
739,2,739
740,2,740
740,2,740
740,2,740
181,2,181
181,2,181
181,2,181
181,2,181
741,2,741
741,2,741
90,2,90
90,2,90
743,2,743
743,2,743
743,2,743
743,2,743
361,2,361
361,2,361
744,2,744
744,2,744
744,2,744
361,2,361
361,2,361
8,2,8
3,2,3
745,2,745
745,2,745
745,2,745
745,2,745
19,2,19
183,2,183
746,2,746
746,2,746
746,2,746
183,2,183
363,2,363
747,2,747
747,2,747
747,2,747
363,2,363
363,2,363
183,2,183
19,2,19
748,2,748
748,2,748
748,2,748
748,2,748
91,2,91
184,2,184
749,2,749
749,2,749
184,2,184
365,2,365
365,2,365
751,2,751
751,2,751
752,2,752
752,2,752
752,2,752
184,2,184
91,2,91
91,2,91
91,2,91
753,2,753
753,2,753
753,2,753
753,2,753
754,2,754
754,2,754
366,2,366
366,2,366
366,2,366
45,2,45
755,2,755
755,2,755
755,2,755
756,2,756
756,2,756
756,2,756
186,2,186
186,2,186
187,2,187
757,2,757
757,2,757
758,2,758
758,2,758
758,2,758
367,2,367
367,2,367
759,2,759
759,2,759
759,2,759
759,2,759
367,2,367
187,2,187
187,2,187
760,2,760
760,2,760
760,2,760
760,2,760
761,2,761
761,2,761
761,2,761
762,2,762
762,2,762
762,2,762
762,2,762
45,2,45
92,2,92
92,2,92
763,2,763
763,2,763
93,2,93
369,2,369
369,2,369
369,2,369
764,2,764
764,2,764
764,2,764
764,2,764
369,2,369
93,2,93
189,2,189
189,2,189
370,2,370
370,2,370
189,2,189
189,2,189
190,2,190
190,2,190
190,2,190
767,2,767
767,2,767
767,2,767
767,2,767
190,2,190
93,2,93
46,2,46
768,2,768
768,2,768
768,2,768
769,2,769
769,2,769
770,2,770
770,2,770
770,2,770
373,2,373
373,2,373
46,2,46
771,2,771
771,2,771
771,2,771
771,2,771
191,2,191
191,2,191
374,2,374
374,2,374
772,2,772
772,2,772
374,2,374
374,2,374
191,2,191
46,2,46
773,2,773
773,2,773
773,2,773
773,2,773
47,2,47
95,2,95
95,2,95
193,2,193
376,2,376
376,2,376
376,2,376
775,2,775
775,2,775
193,2,193
193,2,193
776,2,776
776,2,776
776,2,776
193,2,193
377,2,377
377,2,377
777,2,777
777,2,777
777,2,777
377,2,377
95,2,95
47,2,47
194,2,194
778,2,778
778,2,778
779,2,779
779,2,779
780,2,780
780,2,780
780,2,780
781,2,781
781,2,781
194,2,194
378,2,378
378,2,378
782,2,782
782,2,782
782,2,782
378,2,378
378,2,378
379,2,379
379,2,379
379,2,379
379,2,379
3,2,3
784,2,784
784,2,784
784,2,784
1,2,1
380,2,380
380,2,380
380,2,380
785,2,785
785,2,785
48,2,48
48,2,48
381,2,381
786,2,786
786,2,786
786,2,786
786,2,786
381,2,381
381,2,381
9,2,9
9,2,9
97,2,97
788,2,788
788,2,788
97,2,97
382,2,382
382,2,382
382,2,382
789,2,789
789,2,789
789,2,789
789,2,789
382,2,382
199,2,199
199,2,199
199,2,199
790,2,790
790,2,790
790,2,790
383,2,383
383,2,383
791,2,791
791,2,791
791,2,791
791,2,791
792,2,792
792,2,792
792,2,792
384,2,384
384,2,384
384,2,384
199,2,199
1,2,1
385,2,385
794,2,794
794,2,794
385,2,385
385,2,385
49,2,49
49,2,49
49,2,49
387,2,387
796,2,796
796,2,796
796,2,796
387,2,387
387,2,387
797,2,797
797,2,797
797,2,797
200,2,200
200,2,200
798,2,798
798,2,798
200,2,200
388,2,388
388,2,388
388,2,388
800,2,800
800,2,800
800,2,800
800,2,800
200,2,200
21,2,21
389,2,389
389,2,389
803,2,803
803,2,803
21,2,21
99,2,99
99,2,99
99,2,99
804,2,804
804,2,804
804,2,804
21,2,21
50,2,50
805,2,805
805,2,805
805,2,805
203,2,203
391,2,391
391,2,391
806,2,806
806,2,806
391,2,391
203,2,203
203,2,203
807,2,807
807,2,807
808,2,808
808,2,808
809,2,809
809,2,809
809,2,809
809,2,809
203,2,203
50,2,50
392,2,392
392,2,392
810,2,810
810,2,810
810,2,810
21,2,21
100,2,100
100,2,100
204,2,204
204,2,204
1,2,1
812,2,812
812,2,812
812,2,812
813,2,813
813,2,813
813,2,813
813,2,813
51,2,51
51,2,51
51,2,51
814,2,814
814,2,814
814,2,814
814,2,814
395,2,395
395,2,395
395,2,395
396,2,396
396,2,396
396,2,396
396,2,396
816,2,816
816,2,816
816,2,816
101,2,101
101,2,101
102,2,102
397,2,397
397,2,397
818,2,818
818,2,818
397,2,397
397,2,397
398,2,398
398,2,398
398,2,398
398,2,398
399,2,399
820,2,820
820,2,820
821,2,821
821,2,821
821,2,821
821,2,821
822,2,822
822,2,822
399,2,399
102,2,102
206,2,206
823,2,823
823,2,823
823,2,823
823,2,823
824,2,824
824,2,824
824,2,824
824,2,824
206,2,206
206,2,206
206,2,206
826,2,826
826,2,826
51,2,51
52,2,52
827,2,827
827,2,827
827,2,827
827,2,827
828,2,828
828,2,828
828,2,828
828,2,828
402,2,402
402,2,402
829,2,829
829,2,829
829,2,829
830,2,830
830,2,830
830,2,830
830,2,830
402,2,402
52,2,52
1,2,1
103,2,103
103,2,103
403,2,403
403,2,403
403,2,403
403,2,403
405,2,405
833,2,833
833,2,833
833,2,833
833,2,833
834,2,834
834,2,834
834,2,834
405,2,405
103,2,103
103,2,103
406,2,406
835,2,835
835,2,835
835,2,835
835,2,835
406,2,406
406,2,406
406,2,406
837,2,837
837,2,837
837,2,837
104,2,104
104,2,104
838,2,838
838,2,838
838,2,838
838,2,838
839,2,839
839,2,839
104,2,104
210,2,210
210,2,210
210,2,210
408,2,408
408,2,408
408,2,408
841,2,841
841,2,841
841,2,841
841,2,841
4,2,4
10,2,10
842,2,842
842,2,842
105,2,105
105,2,105
409,2,409
409,2,409
843,2,843
843,2,843
843,2,843
409,2,409
105,2,105
844,2,844
844,2,844
212,2,212
212,2,212
410,2,410
410,2,410
845,2,845
845,2,845
845,2,845
22,2,22
22,2,22
107,2,107
107,2,107
846,2,846
846,2,846
846,2,846
846,2,846
847,2,847
847,2,847
847,2,847
847,2,847
214,2,214
214,2,214
412,2,412
412,2,412
412,2,412
412,2,412
214,2,214
849,2,849
849,2,849
849,2,849
849,2,849
214,2,214
54,2,54
54,2,54
850,2,850
850,2,850
850,2,850
850,2,850
22,2,22
215,2,215
414,2,414
851,2,851
851,2,851
851,2,851
414,2,414
414,2,414
215,2,215
215,2,215
852,2,852
852,2,852
852,2,852
10,2,10
415,2,415
415,2,415
854,2,854
854,2,854
854,2,854
854,2,854
415,2,415
109,2,109
855,2,855
855,2,855
216,2,216
416,2,416
416,2,416
416,2,416
856,2,856
856,2,856
856,2,856
856,2,856
416,2,416
216,2,216
216,2,216
857,2,857
857,2,857
857,2,857
857,2,857
858,2,858
858,2,858
858,2,858
858,2,858
109,2,109
109,2,109
417,2,417
859,2,859
859,2,859
859,2,859
417,2,417
109,2,109
10,2,10
861,2,861
861,2,861
861,2,861
218,2,218
218,2,218
418,2,418
862,2,862
862,2,862
418,2,418
418,2,418
418,2,418
218,2,218
863,2,863
863,2,863
863,2,863
4,2,4
420,2,420
420,2,420
420,2,420
864,2,864
864,2,864
421,2,421
421,2,421
421,2,421
421,2,421
865,2,865
865,2,865
866,2,866
866,2,866
422,2,422
422,2,422
55,2,55
55,2,55
423,2,423
423,2,423
111,2,111
111,2,111
111,2,111
424,2,424
424,2,424
869,2,869
869,2,869
869,2,869
425,2,425
425,2,425
426,2,426
426,2,426
870,2,870
870,2,870
870,2,870
870,2,870
426,2,426
111,2,111
871,2,871
871,2,871
871,2,871
872,2,872
872,2,872
872,2,872
23,2,23
220,2,220
220,2,220
220,2,220
873,2,873
873,2,873
873,2,873
873,2,873
220,2,220
23,2,23
4,2,4
875,2,875
875,2,875
875,2,875
875,2,875
428,2,428
428,2,428
222,2,222
222,2,222
429,2,429
877,2,877
877,2,877
878,2,878
878,2,878
878,2,878
878,2,878
429,2,429
429,2,429
429,2,429
430,2,430
879,2,879
879,2,879
879,2,879
430,2,430
430,2,430
430,2,430
431,2,431
880,2,880
880,2,880
880,2,880
880,2,880
881,2,881
881,2,881
881,2,881
881,2,881
431,2,431
431,2,431
222,2,222
222,2,222
883,2,883
883,2,883
884,2,884
884,2,884
884,2,884
223,2,223
432,2,432
432,2,432
223,2,223
56,2,56
112,2,112
112,2,112
433,2,433
433,2,433
112,2,112
887,2,887
887,2,887
113,2,113
113,2,113
113,2,113
434,2,434
434,2,434
434,2,434
434,2,434
226,2,226
226,2,226
226,2,226
890,2,890
890,2,890
890,2,890
890,2,890
113,2,113
56,2,56
436,2,436
891,2,891
891,2,891
891,2,891
891,2,891
436,2,436
436,2,436
5,2,5
892,2,892
892,2,892
892,2,892
892,2,892
227,2,227
437,2,437
437,2,437
437,2,437
893,2,893
893,2,893
893,2,893
893,2,893
437,2,437
227,2,227
5,2,5
894,2,894
894,2,894
438,2,438
438,2,438
438,2,438
11,2,11
895,2,895
895,2,895
895,2,895
114,2,114
228,2,228
896,2,896
896,2,896
228,2,228
439,2,439
439,2,439
228,2,228
897,2,897
897,2,897
897,2,897
897,2,897
228,2,228
440,2,440
440,2,440
898,2,898
898,2,898
114,2,114
114,2,114
229,2,229
229,2,229
11,2,11
900,2,900
900,2,900
57,2,57
57,2,57
115,2,115
443,2,443
901,2,901
901,2,901
901,2,901
443,2,443
443,2,443
443,2,443
115,2,115
902,2,902
902,2,902
902,2,902
903,2,903
903,2,903
115,2,115
231,2,231
231,2,231
444,2,444
444,2,444
444,2,444
444,2,444
906,2,906
906,2,906
906,2,906
231,2,231
231,2,231
115,2,115
445,2,445
445,2,445
445,2,445
908,2,908
908,2,908
910,2,910
910,2,910
57,2,57
58,2,58
446,2,446
446,2,446
911,2,911
911,2,911
911,2,911
911,2,911
232,2,232
232,2,232
116,2,116
912,2,912
912,2,912
912,2,912
116,2,116
447,2,447
447,2,447
447,2,447
913,2,913
913,2,913
116,2,116
116,2,116
914,2,914
914,2,914
914,2,914
914,2,914
448,2,448
448,2,448
448,2,448
449,2,449
915,2,915
915,2,915
449,2,449
449,2,449
916,2,916
916,2,916
449,2,449
233,2,233
233,2,233
917,2,917
917,2,917
918,2,918
918,2,918
918,2,918
918,2,918
58,2,58
450,2,450
450,2,450
450,2,450
450,2,450
58,2,58
58,2,58
920,2,920
920,2,920
451,2,451
451,2,451
921,2,921
921,2,921
451,2,451
452,2,452
452,2,452
922,2,922
922,2,922
922,2,922
922,2,922
923,2,923
923,2,923
923,2,923
452,2,452
452,2,452
924,2,924
924,2,924
924,2,924
11,2,11
234,2,234
234,2,234
925,2,925
925,2,925
926,2,926
926,2,926
453,2,453
453,2,453
234,2,234
117,2,117
117,2,117
235,2,235
235,2,235
235,2,235
235,2,235
236,2,236
456,2,456
456,2,456
456,2,456
456,2,456
930,2,930
930,2,930
930,2,930
931,2,931
931,2,931
931,2,931
236,2,236
236,2,236
932,2,932
932,2,932
457,2,457
457,2,457
457,2,457
934,2,934
934,2,934
934,2,934
935,2,935
935,2,935
457,2,457
236,2,236
936,2,936
936,2,936
936,2,936
936,2,936
5,2,5
458,2,458
937,2,937
937,2,937
937,2,937
458,2,458
458,2,458
458,2,458
459,2,459
938,2,938
938,2,938
939,2,939
939,2,939
939,2,939
939,2,939
459,2,459
2,2,2
59,2,59
59,2,59
118,2,118
460,2,460
460,2,460
941,2,941
941,2,941
941,2,941
460,2,460
460,2,460
942,2,942
942,2,942
118,2,118
25,2,25
944,2,944
944,2,944
944,2,944
461,2,461
461,2,461
461,2,461
461,2,461
945,2,945
945,2,945
945,2,945
945,2,945
946,2,946
946,2,946
946,2,946
946,2,946
25,2,25
239,2,239
462,2,462
462,2,462
948,2,948
948,2,948
948,2,948
948,2,948
462,2,462
239,2,239
239,2,239
239,2,239
949,2,949
949,2,949
463,2,463
463,2,463
240,2,240
951,2,951
951,2,951
951,2,951
951,2,951
240,2,240
240,2,240
2,2,2
464,2,464
464,2,464
464,2,464
119,2,119
953,2,953
953,2,953
119,2,119
465,2,465
465,2,465
465,2,465
119,2,119
119,2,119
12,2,12
957,2,957
957,2,957
242,2,242
242,2,242
242,2,242
958,2,958
958,2,958
958,2,958
467,2,467
467,2,467
960,2,960
960,2,960
960,2,960
467,2,467
26,2,26
26,2,26
961,2,961
961,2,961
243,2,243
243,2,243
468,2,468
468,2,468
468,2,468
468,2,468
963,2,963
963,2,963
963,2,963
469,2,469
469,2,469
469,2,469
964,2,964
964,2,964
243,2,243
243,2,243
26,2,26
61,2,61
966,2,966
966,2,966
966,2,966
966,2,966
61,2,61
471,2,471
471,2,471
967,2,967
967,2,967
471,2,471
471,2,471
472,2,472
472,2,472
121,2,121
244,2,244
473,2,473
473,2,473
473,2,473
474,2,474
970,2,970
970,2,970
970,2,970
970,2,970
474,2,474
474,2,474
474,2,474
475,2,475
475,2,475
244,2,244
244,2,244
972,2,972
972,2,972
972,2,972
121,2,121
476,2,476
476,2,476
476,2,476
973,2,973
973,2,973
973,2,973
973,2,973
476,2,476
477,2,477
477,2,477
477,2,477
975,2,975
975,2,975
975,2,975
121,2,121
62,2,62
976,2,976
976,2,976
976,2,976
976,2,976
977,2,977
977,2,977
977,2,977
478,2,478
478,2,478
478,2,478
245,2,245
245,2,245
479,2,479
479,2,479
979,2,979
979,2,979
979,2,979
479,2,479
245,2,245
245,2,245
980,2,980
980,2,980
480,2,480
480,2,480
246,2,246
981,2,981
981,2,981
981,2,981
246,2,246
246,2,246
481,2,481
982,2,982
982,2,982
982,2,982
982,2,982
481,2,481
481,2,481
62,2,62
12,2,12
12,2,12
247,2,247
247,2,247
247,2,247
483,2,483
985,2,985
985,2,985
985,2,985
483,2,483
247,2,247
248,2,248
248,2,248
986,2,986
986,2,986
122,2,122
484,2,484
987,2,987
987,2,987
484,2,484
484,2,484
485,2,485
988,2,988
988,2,988
485,2,485
485,2,485
122,2,122
249,2,249
989,2,989
989,2,989
990,2,990
990,2,990
249,2,249
249,2,249
991,2,991
991,2,991
991,2,991
992,2,992
992,2,992
992,2,992
992,2,992
486,2,486
486,2,486
487,2,487
487,2,487
993,2,993
993,2,993
993,2,993
487,2,487
249,2,249
250,2,250
488,2,488
488,2,488
488,2,488
250,2,250
995,2,995
995,2,995
250,2,250
250,2,250
122,2,122
489,2,489
998,2,998
998,2,998
489,2,489
489,2,489
999,2,999
999,2,999
999,2,999
489,2,489
63,2,63
251,2,251
251,2,251
1000,2,1000
1000,2,1000
1000,2,1000
1000,2,1000
251,2,251
491,2,491
491,2,491
491,2,491
491,2,491
63,2,63
123,2,123
493,2,493
493,2,493
493,2,493
123,2,123
252,2,252
252,2,252
252,2,252
494,2,494
494,2,494
123,2,123
124,2,124
496,2,496
496,2,496
496,2,496
124,2,124
124,2,124
253,2,253
253,2,253
125,2,125
125,2,125
254,2,254
254,2,254
500,2,500
500,2,500
500,2,500
500,2,500
254,2,254
126,2,126
126,2,126
501,2,501
501,2,501
126,2,126
64,2,64
255,2,255
255,2,255
502,2,502
502,2,502
502,2,502
256,2,256
256,2,256
256,2,256
257,2,257
257,2,257
257,2,257
258,2,258
504,2,504
504,2,504
505,2,505
505,2,505
505,2,505
505,2,505
258,2,258
258,2,258
258,2,258
64,2,64
506,2,506
506,2,506
507,2,507
507,2,507
508,2,508
508,2,508
508,2,508
509,2,509
509,2,509
509,2,509
64,2,64
260,2,260
260,2,260
260,2,260
260,2,260
65,2,65
511,2,511
511,2,511
511,2,511
127,2,127
512,2,512
262,2,262
512,2,512
512,2,512
512,2,512
513,2,513
513,2,513
262,2,262
127,2,127
514,2,514
514,2,514
514,2,514
514,2,514
515,2,515
515,2,515
516,2,516
516,2,516
516,2,516
517,2,517
517,2,517
127,2,127
127,2,127
518,2,518
518,2,518
518,2,518
518,2,518
519,2,519
519,2,519
519,2,519
519,2,519
65,2,65
263,2,263
263,2,263
263,2,263
264,2,264
264,2,264
521,2,521
521,2,521
521,2,521
522,2,522
522,2,522
65,2,65
65,2,65
502,1,502
1,1,1
1,1,1
1,1,1
4,1,4
4,1,4
4,1,4
4,1,4
6,1,6
6,1,6
6,1,6
7,1,7
7,1,7
9,1,9
9,1,9
9,1,9
10,1,10
10,1,10
10,1,10
10,1,10
11,1,11
11,1,11
11,1,11
11,1,11
12,1,12
12,1,12
12,1,12
15,1,15
15,1,15
16,1,16
16,1,16
17,1,17
17,1,17
17,1,17
18,1,18
18,1,18
18,1,18
19,1,19
19,1,19
19,1,19
19,1,19
20,1,20
20,1,20
20,1,20
21,1,21
21,1,21
22,1,22
22,1,22
22,1,22
22,1,22
23,1,23
23,1,23
23,1,23
24,1,24
24,1,24
24,1,24
24,1,24
25,1,25
25,1,25
25,1,25
25,1,25
26,1,26
26,1,26
27,1,27
27,1,27
27,1,27
27,1,27
28,1,28
28,1,28
28,1,28
29,1,29
29,1,29
30,1,30
30,1,30
31,1,31
31,1,31
31,1,31
31,1,31
35,1,35
35,1,35
35,1,35
35,1,35
37,1,37
37,1,37
37,1,37
37,1,37
39,1,39
39,1,39
39,1,39
43,1,43
43,1,43
43,1,43
44,1,44
44,1,44
45,1,45
45,1,45
45,1,45
45,1,45
48,1,48
48,1,48
49,1,49
49,1,49
49,1,49
50,1,50
50,1,50
50,1,50
51,1,51
51,1,51
53,1,53
53,1,53
54,1,54
54,1,54
54,1,54
55,1,55
55,1,55
55,1,55
55,1,55
56,1,56
56,1,56
56,1,56
57,1,57
57,1,57
57,1,57
57,1,57
59,1,59
59,1,59
59,1,59
60,1,60
60,1,60
60,1,60
61,1,61
61,1,61
61,1,61
61,1,61
63,1,63
63,1,63
66,1,66
66,1,66
66,1,66
67,1,67
67,1,67
68,1,68
68,1,68
69,1,69
69,1,69
69,1,69
69,1,69
70,1,70
70,1,70
72,1,72
72,1,72
72,1,72
72,1,72
73,1,73
73,1,73
73,1,73
73,1,73
74,1,74
74,1,74
74,1,74
76,1,76
76,1,76
76,1,76
77,1,77
77,1,77
77,1,77
77,1,77
78,1,78
78,1,78
78,1,78
79,1,79
79,1,79
79,1,79
80,1,80
80,1,80
80,1,80
80,1,80
81,1,81
81,1,81
81,1,81
81,1,81
82,1,82
82,1,82
83,1,83
83,1,83
83,1,83
84,1,84
84,1,84
84,1,84
84,1,84
86,1,86
86,1,86
86,1,86
86,1,86
89,1,89
89,1,89
89,1,89
90,1,90
90,1,90
90,1,90
91,1,91
91,1,91
91,1,91
91,1,91
92,1,92
92,1,92
94,1,94
94,1,94
95,1,95
95,1,95
96,1,96
96,1,96
96,1,96
97,1,97
97,1,97
97,1,97
97,1,97
98,1,98
98,1,98
98,1,98
99,1,99
99,1,99
99,1,99
100,1,100
100,1,100
100,1,100
100,1,100
101,1,101
101,1,101
101,1,101
101,1,101
103,1,103
103,1,103
103,1,103
103,1,103
105,1,105
105,1,105
106,1,106
106,1,106
109,1,109
109,1,109
109,1,109
109,1,109
110,1,110
110,1,110
110,1,110
110,1,110
112,1,112
112,1,112
112,1,112
112,1,112
114,1,114
114,1,114
114,1,114
114,1,114
115,1,115
115,1,115
115,1,115
116,1,116
116,1,116
117,1,117
117,1,117
117,1,117
117,1,117
118,1,118
118,1,118
118,1,118
118,1,118
119,1,119
119,1,119
119,1,119
120,1,120
120,1,120
120,1,120
121,1,121
121,1,121
121,1,121
122,1,122
122,1,122
122,1,122
122,1,122
123,1,123
123,1,123
127,1,127
127,1,127
127,1,127
127,1,127
129,1,129
129,1,129
129,1,129
130,1,130
130,1,130
131,1,131
131,1,131
131,1,131
131,1,131
132,1,132
132,1,132
132,1,132
132,1,132
133,1,133
133,1,133
135,1,135
135,1,135
135,1,135
136,1,136
136,1,136
136,1,136
138,1,138
138,1,138
139,1,139
139,1,139
139,1,139
139,1,139
140,1,140
140,1,140
141,1,141
141,1,141
141,1,141
142,1,142
142,1,142
142,1,142
143,1,143
143,1,143
143,1,143
143,1,143
146,1,146
146,1,146
146,1,146
147,1,147
147,1,147
147,1,147
149,1,149
149,1,149
149,1,149
150,1,150
150,1,150
151,1,151
151,1,151
152,1,152
152,1,152
152,1,152
152,1,152
153,1,153
153,1,153
153,1,153
153,1,153
154,1,154
154,1,154
154,1,154
155,1,155
155,1,155
158,1,158
158,1,158
159,1,159
159,1,159
159,1,159
159,1,159
160,1,160
160,1,160
161,1,161
161,1,161
162,1,162
162,1,162
162,1,162
164,1,164
164,1,164
165,1,165
165,1,165
165,1,165
166,1,166
166,1,166
166,1,166
166,1,166
167,1,167
167,1,167
167,1,167
167,1,167
168,1,168
168,1,168
169,1,169
169,1,169
170,1,170
170,1,170
172,1,172
172,1,172
172,1,172
172,1,172
173,1,173
173,1,173
173,1,173
174,1,174
174,1,174
174,1,174
174,1,174
175,1,175
175,1,175
176,1,176
176,1,176
178,1,178
178,1,178
179,1,179
179,1,179
179,1,179
179,1,179
181,1,181
181,1,181
181,1,181
182,1,182
182,1,182
183,1,183
183,1,183
183,1,183
184,1,184
184,1,184
185,1,185
185,1,185
186,1,186
186,1,186
188,1,188
188,1,188
188,1,188
189,1,189
189,1,189
191,1,191
191,1,191
191,1,191
193,1,193
193,1,193
193,1,193
193,1,193
194,1,194
194,1,194
196,1,196
196,1,196
197,1,197
197,1,197
199,1,199
199,1,199
199,1,199
199,1,199
200,1,200
200,1,200
200,1,200
200,1,200
201,1,201
201,1,201
201,1,201
201,1,201
202,1,202
202,1,202
202,1,202
204,1,204
204,1,204
204,1,204
204,1,204
205,1,205
205,1,205
205,1,205
205,1,205
206,1,206
206,1,206
206,1,206
206,1,206
207,1,207
207,1,207
207,1,207
207,1,207
208,1,208
208,1,208
208,1,208
209,1,209
209,1,209
209,1,209
209,1,209
211,1,211
211,1,211
212,1,212
212,1,212
212,1,212
213,1,213
213,1,213
213,1,213
213,1,213
215,1,215
215,1,215
215,1,215
216,1,216
216,1,216
218,1,218
218,1,218
218,1,218
218,1,218
219,1,219
219,1,219
219,1,219
219,1,219
220,1,220
220,1,220
220,1,220
220,1,220
222,1,222
222,1,222
224,1,224
224,1,224
225,1,225
225,1,225
225,1,225
226,1,226
226,1,226
227,1,227
227,1,227
227,1,227
228,1,228
228,1,228
228,1,228
229,1,229
229,1,229
230,1,230
230,1,230
231,1,231
231,1,231
231,1,231
231,1,231
232,1,232
232,1,232
232,1,232
233,1,233
233,1,233
233,1,233
233,1,233
234,1,234
234,1,234
234,1,234
234,1,234
235,1,235
235,1,235
237,1,237
237,1,237
238,1,238
238,1,238
239,1,239
239,1,239
239,1,239
239,1,239
241,1,241
241,1,241
241,1,241
241,1,241
242,1,242
242,1,242
243,1,243
243,1,243
244,1,244
244,1,244
244,1,244
244,1,244
245,1,245
245,1,245
245,1,245
247,1,247
247,1,247
247,1,247
249,1,249
249,1,249
251,1,251
251,1,251
252,1,252
252,1,252
252,1,252
253,1,253
253,1,253
253,1,253
253,1,253
254,1,254
254,1,254
255,1,255
255,1,255
255,1,255
255,1,255
259,1,259
259,1,259
261,1,261
261,1,261
263,1,263
263,1,263
263,1,263
263,1,263
265,1,265
265,1,265
265,1,265
265,1,265
266,1,266
266,1,266
266,1,266
266,1,266
267,1,267
267,1,267
267,1,267
267,1,267
269,1,269
269,1,269
270,1,270
270,1,270
270,1,270
271,1,271
271,1,271
271,1,271
272,1,272
272,1,272
272,1,272
272,1,272
273,1,273
273,1,273
273,1,273
273,1,273
274,1,274
274,1,274
274,1,274
275,1,275
275,1,275
275,1,275
276,1,276
276,1,276
276,1,276
276,1,276
277,1,277
277,1,277
277,1,277
278,1,278
278,1,278
279,1,279
279,1,279
280,1,280
280,1,280
280,1,280
280,1,280
281,1,281
281,1,281
282,1,282
282,1,282
282,1,282
283,1,283
283,1,283
283,1,283
284,1,284
284,1,284
284,1,284
285,1,285
285,1,285
285,1,285
286,1,286
286,1,286
287,1,287
287,1,287
288,1,288
288,1,288
289,1,289
289,1,289
290,1,290
290,1,290
290,1,290
291,1,291
291,1,291
291,1,291
291,1,291
292,1,292
292,1,292
292,1,292
293,1,293
293,1,293
294,1,294
294,1,294
295,1,295
295,1,295
295,1,295
295,1,295
296,1,296
296,1,296
296,1,296
296,1,296
298,1,298
298,1,298
299,1,299
299,1,299
299,1,299
299,1,299
300,1,300
300,1,300
301,1,301
301,1,301
301,1,301
301,1,301
302,1,302
302,1,302
303,1,303
303,1,303
303,1,303
303,1,303
304,1,304
304,1,304
304,1,304
304,1,304
305,1,305
305,1,305
305,1,305
305,1,305
306,1,306
306,1,306
306,1,306
307,1,307
307,1,307
307,1,307
308,1,308
308,1,308
309,1,309
309,1,309
310,1,310
310,1,310
311,1,311
311,1,311
311,1,311
313,1,313
313,1,313
313,1,313
313,1,313
314,1,314
314,1,314
317,1,317
317,1,317
317,1,317
317,1,317
319,1,319
319,1,319
319,1,319
320,1,320
320,1,320
320,1,320
321,1,321
321,1,321
321,1,321
321,1,321
322,1,322
322,1,322
322,1,322
322,1,322
324,1,324
324,1,324
324,1,324
326,1,326
326,1,326
327,1,327
327,1,327
327,1,327
327,1,327
329,1,329
329,1,329
329,1,329
330,1,330
330,1,330
330,1,330
330,1,330
331,1,331
331,1,331
331,1,331
331,1,331
333,1,333
333,1,333
334,1,334
334,1,334
335,1,335
335,1,335
336,1,336
336,1,336
336,1,336
337,1,337
337,1,337
340,1,340
340,1,340
341,1,341
341,1,341
341,1,341
341,1,341
342,1,342
342,1,342
342,1,342
342,1,342
343,1,343
343,1,343
344,1,344
344,1,344
344,1,344
345,1,345
345,1,345
345,1,345
346,1,346
346,1,346
347,1,347
347,1,347
347,1,347
347,1,347
349,1,349
349,1,349
349,1,349
349,1,349
350,1,350
350,1,350
350,1,350
350,1,350
351,1,351
351,1,351
351,1,351
353,1,353
353,1,353
354,1,354
354,1,354
354,1,354
356,1,356
356,1,356
356,1,356
356,1,356
358,1,358
358,1,358
358,1,358
358,1,358
360,1,360
360,1,360
360,1,360
360,1,360
361,1,361
361,1,361
361,1,361
361,1,361
362,1,362
362,1,362
363,1,363
363,1,363
363,1,363
364,1,364
364,1,364
364,1,364
365,1,365
365,1,365
366,1,366
366,1,366
366,1,366
366,1,366
367,1,367
367,1,367
367,1,367
367,1,367
368,1,368
368,1,368
369,1,369
369,1,369
369,1,369
369,1,369
370,1,370
370,1,370
370,1,370
371,1,371
371,1,371
371,1,371
372,1,372
372,1,372
373,1,373
373,1,373
373,1,373
374,1,374
374,1,374
374,1,374
375,1,375
375,1,375
376,1,376
376,1,376
376,1,376
376,1,376
377,1,377
377,1,377
377,1,377
378,1,378
378,1,378
378,1,378
378,1,378
380,1,380
380,1,380
381,1,381
381,1,381
382,1,382
382,1,382
382,1,382
382,1,382
383,1,383
383,1,383
383,1,383
385,1,385
385,1,385
387,1,387
387,1,387
387,1,387
388,1,388
388,1,388
388,1,388
389,1,389
389,1,389
390,1,390
390,1,390
390,1,390
391,1,391
391,1,391
391,1,391
391,1,391
392,1,392
392,1,392
392,1,392
392,1,392
393,1,393
393,1,393
394,1,394
394,1,394
394,1,394
394,1,394
395,1,395
395,1,395
395,1,395
397,1,397
397,1,397
397,1,397
400,1,400
400,1,400
401,1,401
401,1,401
402,1,402
402,1,402
402,1,402
403,1,403
403,1,403
403,1,403
403,1,403
406,1,406
406,1,406
407,1,407
407,1,407
408,1,408
408,1,408
408,1,408
408,1,408
409,1,409
409,1,409
409,1,409
409,1,409
410,1,410
410,1,410
410,1,410
411,1,411
411,1,411
412,1,412
412,1,412
412,1,412
412,1,412
413,1,413
413,1,413
413,1,413
414,1,414
414,1,414
414,1,414
415,1,415
415,1,415
415,1,415
416,1,416
416,1,416
417,1,417
417,1,417
417,1,417
417,1,417
418,1,418
418,1,418
418,1,418
418,1,418
420,1,420
420,1,420
423,1,423
423,1,423
424,1,424
424,1,424
424,1,424
427,1,427
427,1,427
427,1,427
427,1,427
428,1,428
428,1,428
428,1,428
428,1,428
429,1,429
429,1,429
432,1,432
432,1,432
432,1,432
433,1,433
433,1,433
433,1,433
433,1,433
434,1,434
434,1,434
434,1,434
434,1,434
435,1,435
435,1,435
436,1,436
436,1,436
436,1,436
437,1,437
437,1,437
438,1,438
438,1,438
439,1,439
439,1,439
439,1,439
439,1,439
440,1,440
440,1,440
441,1,441
441,1,441
442,1,442
442,1,442
442,1,442
443,1,443
443,1,443
443,1,443
444,1,444
444,1,444
444,1,444
444,1,444
445,1,445
445,1,445
445,1,445
446,1,446
446,1,446
447,1,447
447,1,447
447,1,447
447,1,447
448,1,448
448,1,448
450,1,450
450,1,450
450,1,450
451,1,451
451,1,451
453,1,453
453,1,453
453,1,453
454,1,454
454,1,454
455,1,455
455,1,455
455,1,455
455,1,455
456,1,456
456,1,456
457,1,457
457,1,457
458,1,458
458,1,458
460,1,460
460,1,460
460,1,460
460,1,460
461,1,461
461,1,461
462,1,462
462,1,462
463,1,463
463,1,463
463,1,463
464,1,464
464,1,464
464,1,464
464,1,464
465,1,465
465,1,465
466,1,466
466,1,466
467,1,467
467,1,467
467,1,467
467,1,467
468,1,468
468,1,468
468,1,468
468,1,468
470,1,470
470,1,470
471,1,471
471,1,471
471,1,471
473,1,473
473,1,473
476,1,476
476,1,476
476,1,476
478,1,478
478,1,478
479,1,479
479,1,479
480,1,480
480,1,480
481,1,481
481,1,481
481,1,481
482,1,482
482,1,482
482,1,482
483,1,483
483,1,483
483,1,483
484,1,484
484,1,484
484,1,484
484,1,484
486,1,486
486,1,486
486,1,486
486,1,486
488,1,488
488,1,488
489,1,489
489,1,489
489,1,489
489,1,489
490,1,490
490,1,490
491,1,491
491,1,491
492,1,492
492,1,492
494,1,494
494,1,494
494,1,494
494,1,494
496,1,496
496,1,496
498,1,498
498,1,498
499,1,499
499,1,499
500,1,500
500,1,500
500,1,500
500,1,500
501,1,501
501,1,501
501,1,501
502,1,502
502,1,502
502,1,502
1,1,1
503,1,503
503,1,503
503,1,503
504,1,504
504,1,504
504,1,504
504,1,504
506,1,506
506,1,506
506,1,506
506,1,506
510,1,510
510,1,510
510,1,510
510,1,510
511,1,511
511,1,511
512,1,512
512,1,512
514,1,514
514,1,514
518,1,518
518,1,518
520,1,520
520,1,520
521,1,521
521,1,521
521,1,521
521,1,521
523,1,523
523,1,523
524,1,524
524,1,524
525,1,525
525,1,525
525,1,525
525,1,525
527,1,527
527,1,527
528,1,528
528,1,528
528,1,528
529,1,529
529,1,529
529,1,529
529,1,529
530,1,530
530,1,530
530,1,530
531,1,531
531,1,531
531,1,531
531,1,531
533,1,533
533,1,533
533,1,533
534,1,534
534,1,534
535,1,535
535,1,535
535,1,535
535,1,535
536,1,536
536,1,536
536,1,536
539,1,539
539,1,539
540,1,540
540,1,540
540,1,540
542,1,542
542,1,542
542,1,542
542,1,542
543,1,543
543,1,543
544,1,544
544,1,544
545,1,545
545,1,545
545,1,545
545,1,545
548,1,548
548,1,548
549,1,549
549,1,549
550,1,550
550,1,550
550,1,550
551,1,551
551,1,551
551,1,551
554,1,554
554,1,554
554,1,554
554,1,554
555,1,555
555,1,555
555,1,555
556,1,556
556,1,556
556,1,556
557,1,557
557,1,557
559,1,559
559,1,559
559,1,559
559,1,559
560,1,560
560,1,560
560,1,560
561,1,561
561,1,561
561,1,561
561,1,561
562,1,562
562,1,562
562,1,562
562,1,562
563,1,563
563,1,563
563,1,563
563,1,563
565,1,565
565,1,565
566,1,566
566,1,566
567,1,567
567,1,567
568,1,568
568,1,568
569,1,569
569,1,569
570,1,570
570,1,570
571,1,571
571,1,571
572,1,572
572,1,572
572,1,572
572,1,572
573,1,573
573,1,573
573,1,573
573,1,573
574,1,574
574,1,574
575,1,575
575,1,575
577,1,577
577,1,577
577,1,577
578,1,578
578,1,578
579,1,579
579,1,579
579,1,579
579,1,579
580,1,580
580,1,580
580,1,580
580,1,580
581,1,581
581,1,581
581,1,581
583,1,583
583,1,583
583,1,583
584,1,584
584,1,584
586,1,586
586,1,586
586,1,586
586,1,586
587,1,587
587,1,587
587,1,587
590,1,590
590,1,590
590,1,590
592,1,592
592,1,592
594,1,594
594,1,594
594,1,594
595,1,595
595,1,595
595,1,595
595,1,595
596,1,596
596,1,596
598,1,598
598,1,598
598,1,598
598,1,598
599,1,599
599,1,599
599,1,599
600,1,600
600,1,600
601,1,601
601,1,601
601,1,601
602,1,602
602,1,602
603,1,603
603,1,603
603,1,603
603,1,603
606,1,606
606,1,606
608,1,608
608,1,608
609,1,609
609,1,609
609,1,609
609,1,609
610,1,610
610,1,610
611,1,611
611,1,611
611,1,611
611,1,611
613,1,613
613,1,613
614,1,614
614,1,614
614,1,614
616,1,616
616,1,616
617,1,617
617,1,617
617,1,617
619,1,619
619,1,619
620,1,620
620,1,620
621,1,621
621,1,621
621,1,621
621,1,621
623,1,623
623,1,623
624,1,624
624,1,624
624,1,624
625,1,625
625,1,625
625,1,625
628,1,628
628,1,628
628,1,628
631,1,631
631,1,631
631,1,631
632,1,632
632,1,632
632,1,632
636,1,636
636,1,636
636,1,636
637,1,637
637,1,637
638,1,638
638,1,638
638,1,638
638,1,638
641,1,641
641,1,641
641,1,641
643,1,643
643,1,643
643,1,643
644,1,644
644,1,644
644,1,644
645,1,645
645,1,645
645,1,645
646,1,646
646,1,646
646,1,646
647,1,647
647,1,647
647,1,647
648,1,648
648,1,648
648,1,648
648,1,648
649,1,649
649,1,649
650,1,650
650,1,650
651,1,651
651,1,651
652,1,652
652,1,652
652,1,652
652,1,652
653,1,653
653,1,653
654,1,654
654,1,654
655,1,655
655,1,655
655,1,655
657,1,657
657,1,657
657,1,657
657,1,657
660,1,660
660,1,660
661,1,661
661,1,661
661,1,661
661,1,661
662,1,662
662,1,662
663,1,663
663,1,663
663,1,663
664,1,664
664,1,664
665,1,665
665,1,665
665,1,665
665,1,665
666,1,666
666,1,666
666,1,666
667,1,667
667,1,667
668,1,668
668,1,668
670,1,670
670,1,670
670,1,670
670,1,670
672,1,672
672,1,672
673,1,673
673,1,673
674,1,674
674,1,674
674,1,674
675,1,675
675,1,675
676,1,676
676,1,676
677,1,677
677,1,677
677,1,677
678,1,678
678,1,678
678,1,678
678,1,678
679,1,679
679,1,679
680,1,680
680,1,680
681,1,681
681,1,681
681,1,681
682,1,682
682,1,682
682,1,682
683,1,683
683,1,683
683,1,683
683,1,683
686,1,686
686,1,686
686,1,686
686,1,686
687,1,687
687,1,687
687,1,687
689,1,689
689,1,689
689,1,689
689,1,689
690,1,690
690,1,690
690,1,690
690,1,690
691,1,691
691,1,691
691,1,691
693,1,693
693,1,693
694,1,694
694,1,694
694,1,694
694,1,694
695,1,695
695,1,695
696,1,696
696,1,696
697,1,697
697,1,697
697,1,697
697,1,697
698,1,698
698,1,698
698,1,698
698,1,698
699,1,699
699,1,699
702,1,702
702,1,702
702,1,702
702,1,702
704,1,704
704,1,704
705,1,705
705,1,705
705,1,705
705,1,705
706,1,706
706,1,706
707,1,707
707,1,707
708,1,708
708,1,708
709,1,709
709,1,709
710,1,710
710,1,710
710,1,710
710,1,710
715,1,715
715,1,715
715,1,715
715,1,715
716,1,716
716,1,716
717,1,717
717,1,717
719,1,719
719,1,719
720,1,720
720,1,720
720,1,720
721,1,721
721,1,721
722,1,722
722,1,722
723,1,723
723,1,723
723,1,723
723,1,723
724,1,724
724,1,724
725,1,725
725,1,725
725,1,725
727,1,727
727,1,727
728,1,728
728,1,728
728,1,728
730,1,730
730,1,730
730,1,730
730,1,730
732,1,732
732,1,732
732,1,732
732,1,732
733,1,733
733,1,733
733,1,733
733,1,733
734,1,734
734,1,734
735,1,735
735,1,735
735,1,735
736,1,736
736,1,736
736,1,736
736,1,736
737,1,737
737,1,737
738,1,738
738,1,738
738,1,738
738,1,738
739,1,739
739,1,739
741,1,741
741,1,741
741,1,741
741,1,741
743,1,743
743,1,743
744,1,744
744,1,744
745,1,745
745,1,745
745,1,745
745,1,745
746,1,746
746,1,746
747,1,747
747,1,747
748,1,748
748,1,748
748,1,748
748,1,748
749,1,749
749,1,749
750,1,750
750,1,750
750,1,750
753,1,753
753,1,753
753,1,753
753,1,753
755,1,755
755,1,755
755,1,755
755,1,755
757,1,757
757,1,757
757,1,757
759,1,759
759,1,759
760,1,760
760,1,760
760,1,760
763,1,763
763,1,763
763,1,763
764,1,764
764,1,764
764,1,764
764,1,764
765,1,765
765,1,765
765,1,765
765,1,765
766,1,766
766,1,766
766,1,766
767,1,767
767,1,767
767,1,767
767,1,767
768,1,768
768,1,768
768,1,768
771,1,771
771,1,771
771,1,771
772,1,772
772,1,772
772,1,772
772,1,772
773,1,773
773,1,773
773,1,773
773,1,773
774,1,774
774,1,774
774,1,774
774,1,774
775,1,775
775,1,775
775,1,775
776,1,776
776,1,776
777,1,777
777,1,777
777,1,777
778,1,778
778,1,778
778,1,778
778,1,778
782,1,782
782,1,782
782,1,782
783,1,783
783,1,783
783,1,783
783,1,783
784,1,784
784,1,784
784,1,784
785,1,785
785,1,785
785,1,785
785,1,785
786,1,786
786,1,786
786,1,786
787,1,787
787,1,787
787,1,787
788,1,788
788,1,788
789,1,789
789,1,789
789,1,789
789,1,789
790,1,790
790,1,790
790,1,790
790,1,790
791,1,791
791,1,791
793,1,793
793,1,793
793,1,793
793,1,793
794,1,794
794,1,794
795,1,795
795,1,795
795,1,795
795,1,795
796,1,796
796,1,796
797,1,797
797,1,797
798,1,798
798,1,798
799,1,799
799,1,799
800,1,800
800,1,800
803,1,803
803,1,803
803,1,803
803,1,803
804,1,804
804,1,804
804,1,804
804,1,804
805,1,805
805,1,805
806,1,806
806,1,806
806,1,806
807,1,807
807,1,807
807,1,807
810,1,810
810,1,810
810,1,810
810,1,810
811,1,811
811,1,811
811,1,811
812,1,812
812,1,812
812,1,812
814,1,814
814,1,814
814,1,814
815,1,815
815,1,815
815,1,815
816,1,816
816,1,816
816,1,816
816,1,816
817,1,817
817,1,817
818,1,818
818,1,818
818,1,818
819,1,819
819,1,819
819,1,819
820,1,820
820,1,820
820,1,820
820,1,820
823,1,823
823,1,823
823,1,823
825,1,825
825,1,825
825,1,825
827,1,827
827,1,827
829,1,829
829,1,829
831,1,831
831,1,831
831,1,831
832,1,832
832,1,832
832,1,832
832,1,832
833,1,833
833,1,833
833,1,833
835,1,835
835,1,835
835,1,835
835,1,835
836,1,836
836,1,836
836,1,836
838,1,838
838,1,838
840,1,840
840,1,840
840,1,840
840,1,840
841,1,841
841,1,841
841,1,841
842,1,842
842,1,842
843,1,843
843,1,843
843,1,843
843,1,843
844,1,844
844,1,844
845,1,845
845,1,845
845,1,845
845,1,845
846,1,846
846,1,846
846,1,846
846,1,846
848,1,848
848,1,848
848,1,848
849,1,849
849,1,849
849,1,849
849,1,849
850,1,850
850,1,850
850,1,850
851,1,851
851,1,851
851,1,851
852,1,852
852,1,852
852,1,852
852,1,852
853,1,853
853,1,853
853,1,853
855,1,855
855,1,855
856,1,856
856,1,856
856,1,856
856,1,856
857,1,857
857,1,857
857,1,857
859,1,859
859,1,859
859,1,859
861,1,861
861,1,861
861,1,861
862,1,862
862,1,862
862,1,862
863,1,863
863,1,863
863,1,863
863,1,863
864,1,864
864,1,864
864,1,864
864,1,864
865,1,865
865,1,865
865,1,865
865,1,865
867,1,867
867,1,867
867,1,867
867,1,867
868,1,868
868,1,868
868,1,868
869,1,869
869,1,869
869,1,869
869,1,869
870,1,870
870,1,870
870,1,870
870,1,870
871,1,871
871,1,871
873,1,873
873,1,873
873,1,873
873,1,873
875,1,875
875,1,875
875,1,875
876,1,876
876,1,876
877,1,877
877,1,877
877,1,877
879,1,879
879,1,879
879,1,879
879,1,879
880,1,880
880,1,880
880,1,880
880,1,880
882,1,882
882,1,882
882,1,882
882,1,882
885,1,885
885,1,885
886,1,886
886,1,886
886,1,886
886,1,886
887,1,887
887,1,887
887,1,887
887,1,887
888,1,888
888,1,888
888,1,888
888,1,888
889,1,889
889,1,889
889,1,889
890,1,890
890,1,890
890,1,890
891,1,891
891,1,891
891,1,891
892,1,892
892,1,892
892,1,892
893,1,893
893,1,893
893,1,893
893,1,893
894,1,894
894,1,894
894,1,894
895,1,895
895,1,895
895,1,895
895,1,895
896,1,896
896,1,896
897,1,897
897,1,897
897,1,897
897,1,897
898,1,898
898,1,898
898,1,898
899,1,899
899,1,899
899,1,899
900,1,900
900,1,900
901,1,901
901,1,901
901,1,901
901,1,901
902,1,902
902,1,902
902,1,902
902,1,902
904,1,904
904,1,904
905,1,905
905,1,905
905,1,905
906,1,906
906,1,906
907,1,907
907,1,907
907,1,907
907,1,907
908,1,908
908,1,908
911,1,911
911,1,911
911,1,911
911,1,911
912,1,912
912,1,912
912,1,912
913,1,913
913,1,913
913,1,913
913,1,913
914,1,914
914,1,914
915,1,915
915,1,915
915,1,915
915,1,915
916,1,916
916,1,916
917,1,917
917,1,917
917,1,917
919,1,919
919,1,919
919,1,919
919,1,919
920,1,920
920,1,920
920,1,920
921,1,921
921,1,921
922,1,922
922,1,922
922,1,922
924,1,924
924,1,924
925,1,925
925,1,925
925,1,925
927,1,927
927,1,927
927,1,927
927,1,927
928,1,928
928,1,928
928,1,928
929,1,929
929,1,929
929,1,929
929,1,929
930,1,930
930,1,930
930,1,930
932,1,932
932,1,932
933,1,933
933,1,933
933,1,933
936,1,936
936,1,936
937,1,937
937,1,937
938,1,938
938,1,938
938,1,938
938,1,938
940,1,940
940,1,940
940,1,940
941,1,941
941,1,941
941,1,941
941,1,941
942,1,942
942,1,942
944,1,944
944,1,944
945,1,945
945,1,945
945,1,945
945,1,945
947,1,947
947,1,947
948,1,948
948,1,948
949,1,949
949,1,949
949,1,949
949,1,949
951,1,951
951,1,951
951,1,951
952,1,952
952,1,952
952,1,952
953,1,953
953,1,953
953,1,953
953,1,953
956,1,956
956,1,956
956,1,956
956,1,956
957,1,957
957,1,957
957,1,957
958,1,958
958,1,958
958,1,958
959,1,959
959,1,959
961,1,961
961,1,961
961,1,961
962,1,962
962,1,962
962,1,962
962,1,962
963,1,963
963,1,963
964,1,964
964,1,964
964,1,964
965,1,965
965,1,965
966,1,966
966,1,966
967,1,967
967,1,967
967,1,967
968,1,968
968,1,968
968,1,968
969,1,969
969,1,969
969,1,969
969,1,969
970,1,970
970,1,970
970,1,970
971,1,971
971,1,971
971,1,971
971,1,971
972,1,972
972,1,972
972,1,972
973,1,973
973,1,973
973,1,973
973,1,973
974,1,974
974,1,974
975,1,975
975,1,975
976,1,976
976,1,976
978,1,978
978,1,978
978,1,978
979,1,979
979,1,979
979,1,979
979,1,979
980,1,980
980,1,980
980,1,980
981,1,981
981,1,981
981,1,981
982,1,982
982,1,982
982,1,982
983,1,983
983,1,983
983,1,983
984,1,984
984,1,984
985,1,985
985,1,985
985,1,985
985,1,985
986,1,986
986,1,986
986,1,986
986,1,986
987,1,987
987,1,987
988,1,988
988,1,988
988,1,988
989,1,989
989,1,989
989,1,989
989,1,989
991,1,991
991,1,991
993,1,993
993,1,993
993,1,993
993,1,993
994,1,994
994,1,994
994,1,994
995,1,995
995,1,995
995,1,995
995,1,995
996,1,996
996,1,996
997,1,997
997,1,997
999,1,999
999,1,999
1000,1,1000
1000,1,1000
1000,1,1000
1000,1,1000
